Method,Cell Precision,Cell Recall,Tuple Cardinality
Text-to-SQL,0.9636015325670497,0.9597701149425287,0.9811912225705328
Direct Table-QA,0.6007380354704969,0.6458899338209684,0.6899079464596706
